{"cameraMode":{"drawMode":0,"name":"Shaded","section":"Shading Mode"},"sceneLighting":true,"audioPlay":false,"sceneViewState":{"showFog":true,"showMaterialUpdate":false,"showSkybox":true,"showFlares":true,"showImageEffects":true,"showParticleSystems":true},"in2DMode":false,"pivot":{"x":15.907148361206055,"y":-6.8020477294921879,"z":1.5351544618606568},"rotation":{"x":0.41275879740715029,"y":0.27282100915908816,"z":-0.13108214735984803,"w":0.8590819239616394},"size":75.56716918945313,"orthographic":false}